photo;4.409374999999998
editor;4.318803418803421
candy;4.3083333333333345
camera;4.122580645161292
coloring;4.417500000000001
book;4.366037735849058
u;4.009677419354839
launcher;4.370731707317074
lite;4.183636363636366
free;4.255602536997881
live;4.251396648044691
draw;4.140000000000001
pixel;4.471875
number;4.403333333333333
art;4.3810810810810805
maker;4.291379310344829
kids;4.298630136986302
fun;4.28421052631579
text;4.27936507936508
on;4.102127659574466
n;4.2272727272727275
my;4.1940740740740745
3d;4.204237288135591
color;4.356862745098037
by;4.287179487179488
learn;4.439795918367347
to;4.318181818181819
your;4.219607843137255
with;4.391836734693878
ideas;4.213043478260869
x;4.295238095238098
business;4.216666666666666
pack;4.506060606060606
wallpapers;4.479999999999999
hd;4.254054054054051
easy;4.316666666666666
keyboard;4.365517241379311
theme;4.3249999999999975
manga;4.0590909090909095
i;4.088372093023256
and;4.26761133603239
collage;4.411111111111112
fashion;4.211538461538463
2018;4.2893442622950815
music;4.366666666666663
video;4.328491620111733
little;4.209090909090909
game;4.277586206896552
food;4.197222222222223
truck;3.9799999999999995
real;4.1884615384615405
ultimate;4.377272727272726
racing;4.227659574468087
cars;4.195833333333335
for;4.191715976331365
car;4.158823529411767
driver;4.047826086956522
traffic;4.273913043478261
find;4.353571428571427
test;4.184615384615384
of;4.302702702702701
official;4.4483870967741925
search;4.1358974358974345
android;4.132911392405064
voice;4.086956521739133
super;4.2340909090909085
best;4.223255813953488
buy;4.2590909090909115
speed;4.390909090909091
go;4.1142857142857165
sounds;4.345833333333334
new;4.38076923076923
all;4.3025
beauty;4.31388888888889
selfie;4.33617021276596
be;4.292857142857142
in;4.264556962025315
girls;4.389285714285713
videos;4.410526315789473
shop;4.36086956521739
read;4.363636363636363
download;4.240624999999999
reader;4.092105263157894
dictionary;4.319354838709676
panda;4.219047619047619
radio;4.365384615384615
english;4.30277777777778
google;4.2554347826086945
play;4.234615384615387
offline;4.502857142857143
app;4.155673758865246
online;4.233734939759038
htc;3.843478260869565
pdf;4.382352941176471
mobile;3.9831632653061173
now;3.936111111111112
cv;4.192857142857145
builder;4.164
resume;4.2757575757575745
facebook;4.218749999999998
manager;4.1526881720430096
pro;4.213294797687863
space;4.471428571428571
call;4.253061224489796
blocker;4.286363636363638
delivery;4.379310344827588
scanner;4.162857142857141
secure;4.2608695652173925
fast;4.299999999999999
classic;4.327272727272726
chat;4.145454545454547
time;4.270967741935485
phone;4.238095238095239
microsoft;4.365217391304348
remote;3.4944444444444454
daily;4.272972972972972
the;4.265346534653469
dragon;4.425
wallpaper;4.275999999999998
funny;4.333333333333334
es;4.272972972972972
love;4.19705882352941
dc;4.187096774193549
az;4.00909090909091
mini;4.3076923076923075
life;4.848148148148149
messenger;4.207317073170734
calls;4.253333333333332
browser;4.264179104477613
private;4.457142857142857
cm;4.3914285714285715
ad;4.137499999999998
du;4.303030303030303
full;4.146153846153847
screen;4.142222222222221
block;4.276666666666666
recorder;4.199999999999999
control;3.814285714285715
chat,;4.2375
meet;4.19565217391304
people;4.170833333333334
calculator;4.317708333333331
dating;3.9324561403508773
black;4.191304347826086
singles;4.162962962962965
match;4.3
up;4.119230769230769
plus;4.143589743589743
premium;4.295454545454545
day;4.385714285714286
rich;3.9428571428571426
local;4.2
languages;4.458064516129033
math;4.2666666666666675
training;4.339999999999999
at;4.217777777777778
baby;4.208163265306122
games;4.294690265486725
c;4.379411764705884
pocket;4.339285714285714
bank;4.10967741935484
prep;4.181481481481482
school;4.4363636363636365
planner;4.264516129032257
city;4.248717948717949
hospital;4.0608695652173905
movies;4.143902439024391
tv;3.9262135922330113
talking;4.292307692307693
2;4.309803921568627
lock;4.293103448275861
puzzle;4.43214285714286
player;4.217647058823529
watch;4.161538461538462
cw;3.9095238095238085
guide;4.254545454545457
do;4.262962962962963
banking;4.197297297297298
smart;3.7045454545454537
tracker;4.456976744186044
virtual;4.1030303030303035
news;4.223776223776224
us;4.266666666666666
coupons;4.286666666666665
dr.;4.2272727272727275
list;4.3925925925925915
shopping;4.325925925925929
home;4.318181818181819
workout;4.61
counter;4.337499999999999
calorie;4.427586206896552
gps;4.33137254901961
fitness;4.310714285714286
map;4.283333333333332
sleep;4.203448275862068
run;4.328947368421055
sports;4.19032258064516
p;4.3119999999999985
calendar;4.354838709677418
security;4.470000000000001
wifi;4.103030303030303
q;4.0
am;4.069696969696969
simulator;4.063
widget;4.248000000000001
bubble;4.40909090909091
shooter;4.403030303030302
clash;4.470833333333333
angry;4.345833333333334
birds;4.390909090909091
zombie;4.342105263157893
hunter;4.269565217391304
king;4.041666666666665
3;4.217021276595746
heroes;4.4333333333333345
world;4.2956521739130435
gun;4.255555555555557
fps;4.295999999999999
soccer;4.313793103448278
driving;4.044827586206896
survival;4.186206896551723
fantasy;4.2
battle;4.3136363636363635
adventure;4.354545454545453
war;4.255172413793104
friends;4.207407407407408
doctor;4.021052631578947
blood;4.209090909090907
pressure;4.206666666666667
emergency;3.8833333333333333
ai;3.985185185185186
ct;4.246666666666668
bc;3.8178571428571435
ex;3.945000000000001
status;4.343999999999999
downloader;4.274074074074075
deals;4.372727272727274
z;4.125806451612903
scores,;4.377272727272729
news,;4.395238095238096
flights;4.286956521739132
travel;4.2592592592592595
hotels;4.358333333333333
navigation;4.3136363636363635
file;4.19056603773585
wi-fi;4.587999999999999
clock;4.183333333333334
flashlight;4.404347826086955
vpn;4.328571428571427
weather;4.2983050847457624
ap;4.206060606060606
ac;3.545714285714286
nights;4.208695652173913
v;4.27391304347826
ab;4.291304347826087
ez;3.7800000000000002
ae;4.12058823529412
poker;4.255555555555555
ar;3.8499999999999996
ag;4.161904761904761
al;4.39047619047619
surgery;3.9718750000000003
fc;4.417142857142857
au;4.0
bd;4.252631578947369
bg;3.89047619047619
bn;3.98
cs;4.142857142857142
bt;4.0633333333333335
cb;4.08
dx;4.297560975609756
cg;4.215151515151516
cp;4.1607142857142865
cr;3.873076923076922
cu;3.8571428571428554
db;3.978125000000001
dg;3.8761904761904757
dm;3.5238095238095237
dp;4.32
ds;3.739130434782609
dv;3.713043478260869
dw;4.187500000000001
dz;4.342857142857143
ec;4.352
ef;3.8115384615384618
er;3.974418604651163
ek;4.695833333333335
ev;3.677272727272727
fd;4.217391304347826
fl;4.2782608695652184
florida;3.9972972972972984
